Trade Date,Options Class,Underlying,Product Type,Exchange,Volume
6/23/2025,AXSM,AXSM,S,BATS,71
6/23/2025,AXSM,AXSM,S,C2,9
6/23/2025,AXSM,AXSM,S,CBOE,30
6/23/2025,AXSM,AXSM,S,EDGX,81
6/24/2025,AXSM,AXSM,S,BATS,11
6/24/2025,AXSM,AXSM,S,C2,7
6/24/2025,AXSM,AXSM,S,CBOE,11
6/24/2025,AXSM,AXSM,S,EDGX,2
6/25/2025,AXSM,AXSM,S,BATS,4
6/25/2025,AXSM,AXSM,S,CBOE,5
6/25/2025,AXSM,AXSM,S,EDGX,4
6/26/2025,AXSM,AXSM,S,C2,18
6/26/2025,AXSM,AXSM,S,EDGX,6
6/27/2025,AXSM,AXSM,S,BATS,4
6/27/2025,AXSM,AXSM,S,C2,19
6/27/2025,AXSM,AXSM,S,CBOE,3
6/27/2025,AXSM,AXSM,S,EDGX,27
6/30/2025,AXSM,AXSM,S,BATS,25
6/30/2025,AXSM,AXSM,S,C2,2
6/30/2025,AXSM,AXSM,S,CBOE,44
6/30/2025,AXSM,AXSM,S,EDGX,9
7/1/2025,AXSM,AXSM,S,C2,1
7/1/2025,AXSM,AXSM,S,CBOE,9
7/1/2025,AXSM,AXSM,S,EDGX,10
7/2/2025,AXSM,AXSM,S,BATS,4
7/2/2025,AXSM,AXSM,S,CBOE,9
7/3/2025,AXSM,AXSM,S,BATS,1
7/3/2025,AXSM,AXSM,S,CBOE,3
7/3/2025,AXSM,AXSM,S,EDGX,9
7/7/2025,AXSM,AXSM,S,BATS,9
7/7/2025,AXSM,AXSM,S,C2,13
7/7/2025,AXSM,AXSM,S,CBOE,26
7/7/2025,AXSM,AXSM,S,EDGX,10
7/8/2025,AXSM,AXSM,S,BATS,25
7/8/2025,AXSM,AXSM,S,C2,2
7/8/2025,AXSM,AXSM,S,CBOE,19
7/8/2025,AXSM,AXSM,S,EDGX,2
7/9/2025,AXSM,AXSM,S,BATS,11
7/9/2025,AXSM,AXSM,S,C2,2
7/9/2025,AXSM,AXSM,S,CBOE,39
7/9/2025,AXSM,AXSM,S,EDGX,36
7/10/2025,AXSM,AXSM,S,BATS,15
7/10/2025,AXSM,AXSM,S,C2,17
7/10/2025,AXSM,AXSM,S,CBOE,35
7/10/2025,AXSM,AXSM,S,EDGX,12
7/11/2025,AXSM,AXSM,S,BATS,4
7/11/2025,AXSM,AXSM,S,C2,2
7/11/2025,AXSM,AXSM,S,CBOE,2
7/11/2025,AXSM,AXSM,S,EDGX,62
7/14/2025,AXSM,AXSM,S,BATS,19
7/14/2025,AXSM,AXSM,S,C2,6
7/14/2025,AXSM,AXSM,S,CBOE,61
7/14/2025,AXSM,AXSM,S,EDGX,13
7/15/2025,AXSM,AXSM,S,BATS,2
7/15/2025,AXSM,AXSM,S,C2,2
7/15/2025,AXSM,AXSM,S,CBOE,2
7/15/2025,AXSM,AXSM,S,EDGX,4
7/16/2025,AXSM,AXSM,S,BATS,1
7/16/2025,AXSM,AXSM,S,C2,25
7/16/2025,AXSM,AXSM,S,CBOE,30
7/16/2025,AXSM,AXSM,S,EDGX,89
7/17/2025,AXSM,AXSM,S,BATS,1
7/17/2025,AXSM,AXSM,S,CBOE,5
7/17/2025,AXSM,AXSM,S,EDGX,10
7/18/2025,AXSM,AXSM,S,BATS,4
7/18/2025,AXSM,AXSM,S,C2,22
7/18/2025,AXSM,AXSM,S,CBOE,8
7/18/2025,AXSM,AXSM,S,EDGX,14
7/21/2025,AXSM,AXSM,S,BATS,13
7/21/2025,AXSM,AXSM,S,C2,2
7/21/2025,AXSM,AXSM,S,CBOE,20
7/22/2025,AXSM,AXSM,S,BATS,9
7/22/2025,AXSM,AXSM,S,C2,22
7/22/2025,AXSM,AXSM,S,CBOE,30
7/22/2025,AXSM,AXSM,S,EDGX,8
7/23/2025,AXSM,AXSM,S,BATS,11
7/23/2025,AXSM,AXSM,S,CBOE,23
7/23/2025,AXSM,AXSM,S,EDGX,5
7/24/2025,AXSM,AXSM,S,C2,2
7/24/2025,AXSM,AXSM,S,CBOE,11
7/24/2025,AXSM,AXSM,S,EDGX,3
7/25/2025,AXSM,AXSM,S,BATS,6
7/25/2025,AXSM,AXSM,S,C2,1
7/25/2025,AXSM,AXSM,S,CBOE,75
7/25/2025,AXSM,AXSM,S,EDGX,29
7/28/2025,AXSM,AXSM,S,BATS,36
7/28/2025,AXSM,AXSM,S,C2,5
7/28/2025,AXSM,AXSM,S,CBOE,10
7/28/2025,AXSM,AXSM,S,EDGX,4
7/29/2025,AXSM,AXSM,S,BATS,1
7/29/2025,AXSM,AXSM,S,C2,20
7/29/2025,AXSM,AXSM,S,CBOE,2
7/29/2025,AXSM,AXSM,S,EDGX,1
7/30/2025,AXSM,AXSM,S,BATS,5
7/30/2025,AXSM,AXSM,S,CBOE,8
7/30/2025,AXSM,AXSM,S,EDGX,3
7/31/2025,AXSM,AXSM,S,BATS,5
7/31/2025,AXSM,AXSM,S,CBOE,128
7/31/2025,AXSM,AXSM,S,EDGX,48
8/1/2025,AXSM,AXSM,S,BATS,34
8/1/2025,AXSM,AXSM,S,C2,11
8/1/2025,AXSM,AXSM,S,CBOE,29
8/1/2025,AXSM,AXSM,S,EDGX,70
8/4/2025,AXSM,AXSM,S,BATS,53
8/4/2025,AXSM,AXSM,S,C2,4
8/4/2025,AXSM,AXSM,S,CBOE,51
8/4/2025,AXSM,AXSM,S,EDGX,72
8/5/2025,AXSM,AXSM,S,BATS,7
8/5/2025,AXSM,AXSM,S,CBOE,14
8/5/2025,AXSM,AXSM,S,EDGX,105
8/6/2025,AXSM,AXSM,S,BATS,10
8/6/2025,AXSM,AXSM,S,CBOE,28
8/7/2025,AXSM,AXSM,S,BATS,11
8/7/2025,AXSM,AXSM,S,C2,5
8/7/2025,AXSM,AXSM,S,CBOE,79
8/7/2025,AXSM,AXSM,S,EDGX,2
8/8/2025,AXSM,AXSM,S,BATS,24
8/8/2025,AXSM,AXSM,S,C2,3
8/8/2025,AXSM,AXSM,S,CBOE,22
8/8/2025,AXSM,AXSM,S,EDGX,4
8/11/2025,AXSM,AXSM,S,BATS,2
8/11/2025,AXSM,AXSM,S,C2,1
8/11/2025,AXSM,AXSM,S,CBOE,5
8/11/2025,AXSM,AXSM,S,EDGX,6
8/12/2025,AXSM,AXSM,S,BATS,36
8/12/2025,AXSM,AXSM,S,CBOE,59
8/12/2025,AXSM,AXSM,S,EDGX,170
8/13/2025,AXSM,AXSM,S,BATS,13
8/13/2025,AXSM,AXSM,S,C2,12
8/13/2025,AXSM,AXSM,S,CBOE,11
8/13/2025,AXSM,AXSM,S,EDGX,42
8/14/2025,AXSM,AXSM,S,BATS,1
8/14/2025,AXSM,AXSM,S,C2,5
8/14/2025,AXSM,AXSM,S,CBOE,93
8/14/2025,AXSM,AXSM,S,EDGX,16
8/15/2025,AXSM,AXSM,S,BATS,93
8/15/2025,AXSM,AXSM,S,C2,15
8/15/2025,AXSM,AXSM,S,CBOE,10
8/15/2025,AXSM,AXSM,S,EDGX,6
8/18/2025,AXSM,AXSM,S,BATS,22
8/18/2025,AXSM,AXSM,S,C2,33
8/18/2025,AXSM,AXSM,S,CBOE,247
8/18/2025,AXSM,AXSM,S,EDGX,69
8/19/2025,AXSM,AXSM,S,BATS,22
8/19/2025,AXSM,AXSM,S,C2,4
8/19/2025,AXSM,AXSM,S,CBOE,13
8/19/2025,AXSM,AXSM,S,EDGX,93
8/20/2025,AXSM,AXSM,S,BATS,29
8/20/2025,AXSM,AXSM,S,C2,24
8/20/2025,AXSM,AXSM,S,CBOE,71
8/20/2025,AXSM,AXSM,S,EDGX,79
8/21/2025,AXSM,AXSM,S,BATS,19
8/21/2025,AXSM,AXSM,S,C2,18
8/21/2025,AXSM,AXSM,S,CBOE,65
8/21/2025,AXSM,AXSM,S,EDGX,26
8/22/2025,AXSM,AXSM,S,BATS,81
8/22/2025,AXSM,AXSM,S,C2,11
8/22/2025,AXSM,AXSM,S,CBOE,86
8/22/2025,AXSM,AXSM,S,EDGX,160
8/25/2025,AXSM,AXSM,S,BATS,32
8/25/2025,AXSM,AXSM,S,C2,16
8/25/2025,AXSM,AXSM,S,CBOE,149
8/25/2025,AXSM,AXSM,S,EDGX,55
8/26/2025,AXSM,AXSM,S,BATS,62
8/26/2025,AXSM,AXSM,S,C2,3
8/26/2025,AXSM,AXSM,S,CBOE,73
8/26/2025,AXSM,AXSM,S,EDGX,114
8/27/2025,AXSM,AXSM,S,C2,10
8/27/2025,AXSM,AXSM,S,CBOE,32
8/27/2025,AXSM,AXSM,S,EDGX,235
8/28/2025,AXSM,AXSM,S,BATS,233
8/28/2025,AXSM,AXSM,S,C2,6
8/28/2025,AXSM,AXSM,S,CBOE,108
8/28/2025,AXSM,AXSM,S,EDGX,98
8/29/2025,AXSM,AXSM,S,BATS,10
8/29/2025,AXSM,AXSM,S,C2,2
8/29/2025,AXSM,AXSM,S,CBOE,25
8/29/2025,AXSM,AXSM,S,EDGX,5
9/2/2025,AXSM,AXSM,S,BATS,18
9/2/2025,AXSM,AXSM,S,C2,2
9/2/2025,AXSM,AXSM,S,CBOE,47
9/2/2025,AXSM,AXSM,S,EDGX,1
9/3/2025,AXSM,AXSM,S,BATS,7
9/3/2025,AXSM,AXSM,S,CBOE,15
9/3/2025,AXSM,AXSM,S,EDGX,9
9/4/2025,AXSM,AXSM,S,BATS,13
9/4/2025,AXSM,AXSM,S,C2,3
9/4/2025,AXSM,AXSM,S,CBOE,27
9/4/2025,AXSM,AXSM,S,EDGX,2
9/5/2025,AXSM,AXSM,S,BATS,13
9/5/2025,AXSM,AXSM,S,C2,5
9/5/2025,AXSM,AXSM,S,CBOE,5
9/5/2025,AXSM,AXSM,S,EDGX,2
9/8/2025,AXSM,AXSM,S,BATS,64
9/8/2025,AXSM,AXSM,S,C2,15
9/8/2025,AXSM,AXSM,S,CBOE,56
9/8/2025,AXSM,AXSM,S,EDGX,46
9/9/2025,AXSM,AXSM,S,C2,6
9/9/2025,AXSM,AXSM,S,CBOE,8
9/9/2025,AXSM,AXSM,S,EDGX,11
9/10/2025,AXSM,AXSM,S,BATS,1
9/10/2025,AXSM,AXSM,S,C2,2
9/10/2025,AXSM,AXSM,S,CBOE,5
9/10/2025,AXSM,AXSM,S,EDGX,3
9/11/2025,AXSM,AXSM,S,BATS,4
9/11/2025,AXSM,AXSM,S,C2,14
9/11/2025,AXSM,AXSM,S,CBOE,7
9/11/2025,AXSM,AXSM,S,EDGX,3
9/12/2025,AXSM,AXSM,S,BATS,3
9/12/2025,AXSM,AXSM,S,C2,10
9/12/2025,AXSM,AXSM,S,CBOE,61
9/12/2025,AXSM,AXSM,S,EDGX,15
9/15/2025,AXSM,AXSM,S,BATS,2
9/15/2025,AXSM,AXSM,S,C2,12
9/15/2025,AXSM,AXSM,S,CBOE,7
9/15/2025,AXSM,AXSM,S,EDGX,4
9/16/2025,AXSM,AXSM,S,BATS,19
9/16/2025,AXSM,AXSM,S,C2,4
9/16/2025,AXSM,AXSM,S,CBOE,175
9/16/2025,AXSM,AXSM,S,EDGX,12
9/17/2025,AXSM,AXSM,S,BATS,54
9/17/2025,AXSM,AXSM,S,C2,1
9/17/2025,AXSM,AXSM,S,CBOE,26
9/17/2025,AXSM,AXSM,S,EDGX,8
9/18/2025,AXSM,AXSM,S,C2,1
9/18/2025,AXSM,AXSM,S,CBOE,67
9/18/2025,AXSM,AXSM,S,EDGX,4
9/19/2025,AXSM,AXSM,S,BATS,41
9/19/2025,AXSM,AXSM,S,C2,4
9/19/2025,AXSM,AXSM,S,CBOE,91
9/19/2025,AXSM,AXSM,S,EDGX,10
9/22/2025,AXSM,AXSM,S,BATS,10
9/22/2025,AXSM,AXSM,S,C2,12
9/22/2025,AXSM,AXSM,S,CBOE,10
9/22/2025,AXSM,AXSM,S,EDGX,13
9/23/2025,AXSM,AXSM,S,BATS,7
9/23/2025,AXSM,AXSM,S,C2,36
9/23/2025,AXSM,AXSM,S,CBOE,13
9/23/2025,AXSM,AXSM,S,EDGX,6
9/24/2025,AXSM,AXSM,S,BATS,47
9/24/2025,AXSM,AXSM,S,C2,1
9/24/2025,AXSM,AXSM,S,CBOE,22
9/24/2025,AXSM,AXSM,S,EDGX,22
9/25/2025,AXSM,AXSM,S,BATS,31
9/25/2025,AXSM,AXSM,S,C2,14
9/25/2025,AXSM,AXSM,S,CBOE,1065
9/25/2025,AXSM,AXSM,S,EDGX,620
9/26/2025,AXSM,AXSM,S,BATS,7
9/26/2025,AXSM,AXSM,S,C2,3
9/26/2025,AXSM,AXSM,S,CBOE,1567
9/26/2025,AXSM,AXSM,S,EDGX,70
9/29/2025,AXSM,AXSM,S,BATS,56
9/29/2025,AXSM,AXSM,S,CBOE,201
9/29/2025,AXSM,AXSM,S,EDGX,61
9/30/2025,AXSM,AXSM,S,BATS,8
9/30/2025,AXSM,AXSM,S,C2,2
9/30/2025,AXSM,AXSM,S,CBOE,1208
9/30/2025,AXSM,AXSM,S,EDGX,31
10/1/2025,AXSM,AXSM,S,BATS,9
10/1/2025,AXSM,AXSM,S,C2,11
10/1/2025,AXSM,AXSM,S,CBOE,333
10/1/2025,AXSM,AXSM,S,EDGX,7
10/2/2025,AXSM,AXSM,S,BATS,27
10/2/2025,AXSM,AXSM,S,C2,5
10/2/2025,AXSM,AXSM,S,CBOE,122
10/2/2025,AXSM,AXSM,S,EDGX,42
10/3/2025,AXSM,AXSM,S,BATS,35
10/3/2025,AXSM,AXSM,S,C2,5
10/3/2025,AXSM,AXSM,S,CBOE,322
10/3/2025,AXSM,AXSM,S,EDGX,20
10/6/2025,AXSM,AXSM,S,BATS,10
10/6/2025,AXSM,AXSM,S,CBOE,161
10/6/2025,AXSM,AXSM,S,EDGX,6
10/7/2025,AXSM,AXSM,S,BATS,3
10/7/2025,AXSM,AXSM,S,C2,1
10/7/2025,AXSM,AXSM,S,CBOE,1
10/7/2025,AXSM,AXSM,S,EDGX,25
10/8/2025,AXSM,AXSM,S,BATS,61
10/8/2025,AXSM,AXSM,S,CBOE,58
10/8/2025,AXSM,AXSM,S,EDGX,2
10/9/2025,AXSM,AXSM,S,BATS,29
10/9/2025,AXSM,AXSM,S,C2,4
10/9/2025,AXSM,AXSM,S,CBOE,25
10/9/2025,AXSM,AXSM,S,EDGX,83
10/10/2025,AXSM,AXSM,S,BATS,9
10/10/2025,AXSM,AXSM,S,C2,2
10/10/2025,AXSM,AXSM,S,CBOE,1
10/10/2025,AXSM,AXSM,S,EDGX,1
10/13/2025,AXSM,AXSM,S,BATS,2
10/13/2025,AXSM,AXSM,S,CBOE,1
10/13/2025,AXSM,AXSM,S,EDGX,20
10/14/2025,AXSM,AXSM,S,BATS,67
10/14/2025,AXSM,AXSM,S,C2,2
10/14/2025,AXSM,AXSM,S,CBOE,32
10/14/2025,AXSM,AXSM,S,EDGX,7
10/15/2025,AXSM,AXSM,S,BATS,39
10/15/2025,AXSM,AXSM,S,C2,24
10/15/2025,AXSM,AXSM,S,CBOE,24
10/15/2025,AXSM,AXSM,S,EDGX,12
10/16/2025,AXSM,AXSM,S,BATS,113
10/16/2025,AXSM,AXSM,S,C2,27
10/16/2025,AXSM,AXSM,S,CBOE,6
10/16/2025,AXSM,AXSM,S,EDGX,99
10/17/2025,AXSM,AXSM,S,CBOE,22
10/17/2025,AXSM,AXSM,S,EDGX,112
10/20/2025,AXSM,AXSM,S,BATS,140
10/20/2025,AXSM,AXSM,S,C2,10
10/20/2025,AXSM,AXSM,S,CBOE,35
10/20/2025,AXSM,AXSM,S,EDGX,10
10/21/2025,AXSM,AXSM,S,BATS,6
10/21/2025,AXSM,AXSM,S,CBOE,3
10/21/2025,AXSM,AXSM,S,EDGX,1
10/22/2025,AXSM,AXSM,S,BATS,1
10/22/2025,AXSM,AXSM,S,EDGX,15
10/23/2025,AXSM,AXSM,S,BATS,3
10/23/2025,AXSM,AXSM,S,CBOE,3
10/24/2025,AXSM,AXSM,S,BATS,28
10/24/2025,AXSM,AXSM,S,CBOE,4
10/24/2025,AXSM,AXSM,S,EDGX,6
10/27/2025,AXSM,AXSM,S,BATS,40
10/27/2025,AXSM,AXSM,S,CBOE,3
10/28/2025,AXSM,AXSM,S,BATS,17
10/28/2025,AXSM,AXSM,S,C2,1
10/28/2025,AXSM,AXSM,S,CBOE,35
10/28/2025,AXSM,AXSM,S,EDGX,104
10/29/2025,AXSM,AXSM,S,CBOE,1
10/29/2025,AXSM,AXSM,S,EDGX,27
10/30/2025,AXSM,AXSM,S,BATS,60
10/30/2025,AXSM,AXSM,S,CBOE,14
10/30/2025,AXSM,AXSM,S,EDGX,12
10/31/2025,AXSM,AXSM,S,BATS,13
10/31/2025,AXSM,AXSM,S,C2,15
10/31/2025,AXSM,AXSM,S,CBOE,62
10/31/2025,AXSM,AXSM,S,EDGX,2
11/3/2025,AXSM,AXSM,S,BATS,27
11/3/2025,AXSM,AXSM,S,C2,20
11/3/2025,AXSM,AXSM,S,CBOE,56
11/3/2025,AXSM,AXSM,S,EDGX,23
11/4/2025,AXSM,AXSM,S,BATS,5
11/4/2025,AXSM,AXSM,S,CBOE,5
11/4/2025,AXSM,AXSM,S,EDGX,7
11/5/2025,AXSM,AXSM,S,BATS,2
11/5/2025,AXSM,AXSM,S,C2,6
11/5/2025,AXSM,AXSM,S,CBOE,23
11/5/2025,AXSM,AXSM,S,EDGX,4
11/6/2025,AXSM,AXSM,S,BATS,21
11/6/2025,AXSM,AXSM,S,C2,16
11/6/2025,AXSM,AXSM,S,CBOE,40
11/6/2025,AXSM,AXSM,S,EDGX,49
11/7/2025,AXSM,AXSM,S,BATS,9
11/7/2025,AXSM,AXSM,S,C2,1
11/7/2025,AXSM,AXSM,S,CBOE,102
11/10/2025,AXSM,AXSM,S,BATS,8
11/10/2025,AXSM,AXSM,S,C2,20
11/10/2025,AXSM,AXSM,S,CBOE,7
11/10/2025,AXSM,AXSM,S,EDGX,5
11/11/2025,AXSM,AXSM,S,BATS,4
11/11/2025,AXSM,AXSM,S,C2,3
11/11/2025,AXSM,AXSM,S,CBOE,205
11/11/2025,AXSM,AXSM,S,EDGX,10
11/12/2025,AXSM,AXSM,S,BATS,30
11/12/2025,AXSM,AXSM,S,C2,24
11/12/2025,AXSM,AXSM,S,CBOE,87
11/12/2025,AXSM,AXSM,S,EDGX,49
11/13/2025,AXSM,AXSM,S,BATS,59
11/13/2025,AXSM,AXSM,S,CBOE,24
11/13/2025,AXSM,AXSM,S,EDGX,20
11/14/2025,AXSM,AXSM,S,BATS,75
11/14/2025,AXSM,AXSM,S,C2,3
11/14/2025,AXSM,AXSM,S,CBOE,208
11/14/2025,AXSM,AXSM,S,EDGX,10
11/17/2025,AXSM,AXSM,S,BATS,40
11/17/2025,AXSM,AXSM,S,C2,16
11/17/2025,AXSM,AXSM,S,CBOE,366
11/17/2025,AXSM,AXSM,S,EDGX,9
11/18/2025,AXSM,AXSM,S,BATS,15
11/18/2025,AXSM,AXSM,S,C2,20
11/18/2025,AXSM,AXSM,S,CBOE,127
11/18/2025,AXSM,AXSM,S,EDGX,26
11/19/2025,AXSM,AXSM,S,BATS,15
11/19/2025,AXSM,AXSM,S,C2,16
11/19/2025,AXSM,AXSM,S,CBOE,94
11/19/2025,AXSM,AXSM,S,EDGX,54
11/20/2025,AXSM,AXSM,S,BATS,13
11/20/2025,AXSM,AXSM,S,C2,4
11/20/2025,AXSM,AXSM,S,CBOE,16
11/20/2025,AXSM,AXSM,S,EDGX,16
11/21/2025,AXSM,AXSM,S,BATS,20
11/21/2025,AXSM,AXSM,S,C2,41
11/21/2025,AXSM,AXSM,S,CBOE,223
11/21/2025,AXSM,AXSM,S,EDGX,15
11/24/2025,AXSM,AXSM,S,BATS,15
11/24/2025,AXSM,AXSM,S,C2,3
11/24/2025,AXSM,AXSM,S,CBOE,23
11/24/2025,AXSM,AXSM,S,EDGX,80
11/25/2025,AXSM,AXSM,S,BATS,19
11/25/2025,AXSM,AXSM,S,C2,5
11/25/2025,AXSM,AXSM,S,CBOE,10
11/26/2025,AXSM,AXSM,S,BATS,1
11/26/2025,AXSM,AXSM,S,C2,3
11/26/2025,AXSM,AXSM,S,CBOE,3
11/26/2025,AXSM,AXSM,S,EDGX,3
11/28/2025,AXSM,AXSM,S,BATS,1
11/28/2025,AXSM,AXSM,S,CBOE,59
11/28/2025,AXSM,AXSM,S,EDGX,54
12/1/2025,AXSM,AXSM,S,BATS,11
12/1/2025,AXSM,AXSM,S,CBOE,105
12/1/2025,AXSM,AXSM,S,EDGX,3
12/2/2025,AXSM,AXSM,S,BATS,6
12/2/2025,AXSM,AXSM,S,C2,1
12/2/2025,AXSM,AXSM,S,CBOE,28
12/2/2025,AXSM,AXSM,S,EDGX,33
12/3/2025,AXSM,AXSM,S,BATS,39
12/3/2025,AXSM,AXSM,S,C2,6
12/3/2025,AXSM,AXSM,S,CBOE,56
12/3/2025,AXSM,AXSM,S,EDGX,4
12/4/2025,AXSM,AXSM,S,BATS,24
12/4/2025,AXSM,AXSM,S,CBOE,8
12/4/2025,AXSM,AXSM,S,EDGX,4
12/5/2025,AXSM,AXSM,S,BATS,11
12/5/2025,AXSM,AXSM,S,CBOE,10
12/5/2025,AXSM,AXSM,S,EDGX,7
12/8/2025,AXSM,AXSM,S,BATS,2
12/8/2025,AXSM,AXSM,S,C2,3
12/8/2025,AXSM,AXSM,S,CBOE,6
12/8/2025,AXSM,AXSM,S,EDGX,11
12/9/2025,AXSM,AXSM,S,BATS,25
12/9/2025,AXSM,AXSM,S,C2,2
12/9/2025,AXSM,AXSM,S,CBOE,2
12/9/2025,AXSM,AXSM,S,EDGX,2
12/10/2025,AXSM,AXSM,S,CBOE,6
12/10/2025,AXSM,AXSM,S,EDGX,1
12/11/2025,AXSM,AXSM,S,BATS,2
12/11/2025,AXSM,AXSM,S,C2,7
12/11/2025,AXSM,AXSM,S,CBOE,2
12/11/2025,AXSM,AXSM,S,EDGX,2
12/12/2025,AXSM,AXSM,S,BATS,10
12/12/2025,AXSM,AXSM,S,C2,16
12/12/2025,AXSM,AXSM,S,CBOE,6
12/12/2025,AXSM,AXSM,S,EDGX,8
12/15/2025,AXSM,AXSM,S,BATS,6
12/15/2025,AXSM,AXSM,S,C2,1
12/15/2025,AXSM,AXSM,S,CBOE,48
12/15/2025,AXSM,AXSM,S,EDGX,12
12/16/2025,AXSM,AXSM,S,BATS,1
12/16/2025,AXSM,AXSM,S,CBOE,40
12/16/2025,AXSM,AXSM,S,EDGX,7
12/17/2025,AXSM,AXSM,S,BATS,14
12/17/2025,AXSM,AXSM,S,CBOE,6
12/17/2025,AXSM,AXSM,S,EDGX,1
12/18/2025,AXSM,AXSM,S,BATS,5
12/18/2025,AXSM,AXSM,S,CBOE,21
12/18/2025,AXSM,AXSM,S,EDGX,11
12/19/2025,AXSM,AXSM,S,BATS,19
12/19/2025,AXSM,AXSM,S,C2,3
12/19/2025,AXSM,AXSM,S,CBOE,148
12/19/2025,AXSM,AXSM,S,EDGX,108
12/22/2025,AXSM,AXSM,S,BATS,8
12/22/2025,AXSM,AXSM,S,CBOE,51
12/22/2025,AXSM,AXSM,S,EDGX,26
12/23/2025,AXSM,AXSM,S,BATS,3
12/23/2025,AXSM,AXSM,S,CBOE,8
12/23/2025,AXSM,AXSM,S,EDGX,6
12/24/2025,AXSM,AXSM,S,CBOE,7
12/26/2025,AXSM,AXSM,S,BATS,1
12/26/2025,AXSM,AXSM,S,CBOE,4
12/26/2025,AXSM,AXSM,S,EDGX,10
12/29/2025,AXSM,AXSM,S,BATS,1
12/29/2025,AXSM,AXSM,S,CBOE,3
12/29/2025,AXSM,AXSM,S,EDGX,1
12/30/2025,AXSM,AXSM,S,BATS,39
12/30/2025,AXSM,AXSM,S,C2,3
12/30/2025,AXSM,AXSM,S,CBOE,12
12/30/2025,AXSM,AXSM,S,EDGX,9
12/31/2025,AXSM,AXSM,S,BATS,366
12/31/2025,AXSM,AXSM,S,C2,24
12/31/2025,AXSM,AXSM,S,CBOE,1287
12/31/2025,AXSM,AXSM,S,EDGX,174
1/2/2026,AXSM,AXSM,S,BATS,140
1/2/2026,AXSM,AXSM,S,C2,30
1/2/2026,AXSM,AXSM,S,CBOE,193
1/2/2026,AXSM,AXSM,S,EDGX,146
1/5/2026,AXSM,AXSM,S,BATS,41
1/5/2026,AXSM,AXSM,S,C2,17
1/5/2026,AXSM,AXSM,S,CBOE,77
1/5/2026,AXSM,AXSM,S,EDGX,122
1/6/2026,AXSM,AXSM,S,BATS,48
1/6/2026,AXSM,AXSM,S,C2,60
1/6/2026,AXSM,AXSM,S,CBOE,138
1/6/2026,AXSM,AXSM,S,EDGX,98
1/7/2026,AXSM,AXSM,S,BATS,11
1/7/2026,AXSM,AXSM,S,C2,94
1/7/2026,AXSM,AXSM,S,CBOE,175
1/7/2026,AXSM,AXSM,S,EDGX,146
1/8/2026,AXSM,AXSM,S,BATS,52
1/8/2026,AXSM,AXSM,S,C2,40
1/8/2026,AXSM,AXSM,S,CBOE,64
1/8/2026,AXSM,AXSM,S,EDGX,52
1/9/2026,AXSM,AXSM,S,BATS,31
1/9/2026,AXSM,AXSM,S,C2,7
1/9/2026,AXSM,AXSM,S,CBOE,15
1/9/2026,AXSM,AXSM,S,EDGX,41
1/12/2026,AXSM,AXSM,S,BATS,42
1/12/2026,AXSM,AXSM,S,C2,17
1/12/2026,AXSM,AXSM,S,CBOE,28
1/12/2026,AXSM,AXSM,S,EDGX,75
1/13/2026,AXSM,AXSM,S,BATS,7
1/13/2026,AXSM,AXSM,S,C2,4
1/13/2026,AXSM,AXSM,S,CBOE,37
1/13/2026,AXSM,AXSM,S,EDGX,25
1/14/2026,AXSM,AXSM,S,BATS,4
1/14/2026,AXSM,AXSM,S,C2,3
1/14/2026,AXSM,AXSM,S,CBOE,30
1/14/2026,AXSM,AXSM,S,EDGX,23
1/15/2026,AXSM,AXSM,S,BATS,70
1/15/2026,AXSM,AXSM,S,C2,2
1/15/2026,AXSM,AXSM,S,CBOE,45
1/15/2026,AXSM,AXSM,S,EDGX,74
1/16/2026,AXSM,AXSM,S,BATS,217
1/16/2026,AXSM,AXSM,S,C2,4
1/16/2026,AXSM,AXSM,S,CBOE,88
1/16/2026,AXSM,AXSM,S,EDGX,74
1/20/2026,AXSM,AXSM,S,BATS,21
1/20/2026,AXSM,AXSM,S,C2,142
1/20/2026,AXSM,AXSM,S,CBOE,280
1/20/2026,AXSM,AXSM,S,EDGX,326
1/21/2026,AXSM,AXSM,S,BATS,343
1/21/2026,AXSM,AXSM,S,C2,5
1/21/2026,AXSM,AXSM,S,CBOE,648
1/21/2026,AXSM,AXSM,S,EDGX,312
1/22/2026,AXSM,AXSM,S,BATS,72
1/22/2026,AXSM,AXSM,S,C2,6
1/22/2026,AXSM,AXSM,S,CBOE,211
1/22/2026,AXSM,AXSM,S,EDGX,100
1/23/2026,AXSM,AXSM,S,BATS,216
1/23/2026,AXSM,AXSM,S,C2,6
1/23/2026,AXSM,AXSM,S,CBOE,27
1/23/2026,AXSM,AXSM,S,EDGX,203
1/26/2026,AXSM,AXSM,S,BATS,14
1/26/2026,AXSM,AXSM,S,C2,177
1/26/2026,AXSM,AXSM,S,CBOE,233
1/26/2026,AXSM,AXSM,S,EDGX,303
1/27/2026,AXSM,AXSM,S,BATS,52
1/27/2026,AXSM,AXSM,S,C2,23
1/27/2026,AXSM,AXSM,S,CBOE,3291
1/27/2026,AXSM,AXSM,S,EDGX,953
1/28/2026,AXSM,AXSM,S,BATS,5
1/28/2026,AXSM,AXSM,S,C2,4
1/28/2026,AXSM,AXSM,S,CBOE,622
1/28/2026,AXSM,AXSM,S,EDGX,12
1/29/2026,AXSM,AXSM,S,BATS,7
1/29/2026,AXSM,AXSM,S,C2,1
1/29/2026,AXSM,AXSM,S,CBOE,1921
1/29/2026,AXSM,AXSM,S,EDGX,346
1/30/2026,AXSM,AXSM,S,BATS,8
1/30/2026,AXSM,AXSM,S,C2,4
1/30/2026,AXSM,AXSM,S,CBOE,16
1/30/2026,AXSM,AXSM,S,EDGX,17
2/2/2026,AXSM,AXSM,S,BATS,5
2/2/2026,AXSM,AXSM,S,C2,3
2/2/2026,AXSM,AXSM,S,CBOE,5
2/2/2026,AXSM,AXSM,S,EDGX,22
2/3/2026,AXSM,AXSM,S,BATS,3
2/3/2026,AXSM,AXSM,S,C2,1
2/3/2026,AXSM,AXSM,S,CBOE,508
2/3/2026,AXSM,AXSM,S,EDGX,15
2/4/2026,AXSM,AXSM,S,BATS,114
2/4/2026,AXSM,AXSM,S,C2,1
2/4/2026,AXSM,AXSM,S,CBOE,77
2/4/2026,AXSM,AXSM,S,EDGX,18
2/5/2026,AXSM,AXSM,S,BATS,14
2/5/2026,AXSM,AXSM,S,C2,6
2/5/2026,AXSM,AXSM,S,CBOE,24
2/5/2026,AXSM,AXSM,S,EDGX,4
2/6/2026,AXSM,AXSM,S,BATS,17
2/6/2026,AXSM,AXSM,S,C2,1
2/6/2026,AXSM,AXSM,S,CBOE,13
2/6/2026,AXSM,AXSM,S,EDGX,8
2/9/2026,AXSM,AXSM,S,BATS,3
2/9/2026,AXSM,AXSM,S,C2,4
2/9/2026,AXSM,AXSM,S,CBOE,24
2/9/2026,AXSM,AXSM,S,EDGX,19
2/10/2026,AXSM,AXSM,S,BATS,9
2/10/2026,AXSM,AXSM,S,C2,10
2/10/2026,AXSM,AXSM,S,CBOE,19
2/10/2026,AXSM,AXSM,S,EDGX,22
2/11/2026,AXSM,AXSM,S,BATS,12
2/11/2026,AXSM,AXSM,S,C2,14
2/11/2026,AXSM,AXSM,S,CBOE,106
2/11/2026,AXSM,AXSM,S,EDGX,36
2/12/2026,AXSM,AXSM,S,BATS,7
2/12/2026,AXSM,AXSM,S,C2,5
2/12/2026,AXSM,AXSM,S,CBOE,36
2/12/2026,AXSM,AXSM,S,EDGX,2
2/13/2026,AXSM,AXSM,S,BATS,11
2/13/2026,AXSM,AXSM,S,C2,5
2/13/2026,AXSM,AXSM,S,CBOE,216
2/13/2026,AXSM,AXSM,S,EDGX,17
2/17/2026,AXSM,AXSM,S,BATS,1
2/17/2026,AXSM,AXSM,S,C2,6
2/17/2026,AXSM,AXSM,S,CBOE,343
2/17/2026,AXSM,AXSM,S,EDGX,46
2/18/2026,AXSM,AXSM,S,BATS,24
2/18/2026,AXSM,AXSM,S,C2,26
2/18/2026,AXSM,AXSM,S,CBOE,66
2/18/2026,AXSM,AXSM,S,EDGX,60
2/19/2026,AXSM,AXSM,S,BATS,8
2/19/2026,AXSM,AXSM,S,CBOE,670
2/20/2026,AXSM,AXSM,S,BATS,35
2/20/2026,AXSM,AXSM,S,C2,87
2/20/2026,AXSM,AXSM,S,CBOE,347
2/20/2026,AXSM,AXSM,S,EDGX,116
2/23/2026,AXSM,AXSM,S,BATS,14
2/23/2026,AXSM,AXSM,S,C2,9
2/23/2026,AXSM,AXSM,S,CBOE,116
2/23/2026,AXSM,AXSM,S,EDGX,11
2/24/2026,AXSM,AXSM,S,BATS,57
2/24/2026,AXSM,AXSM,S,C2,5
2/24/2026,AXSM,AXSM,S,CBOE,57
2/25/2026,AXSM,AXSM,S,BATS,16
2/25/2026,AXSM,AXSM,S,C2,5
2/25/2026,AXSM,AXSM,S,CBOE,66
2/26/2026,AXSM,AXSM,S,BATS,18
2/26/2026,AXSM,AXSM,S,C2,1
2/26/2026,AXSM,AXSM,S,CBOE,17
2/26/2026,AXSM,AXSM,S,EDGX,101
2/27/2026,AXSM,AXSM,S,BATS,3
2/27/2026,AXSM,AXSM,S,C2,2
2/27/2026,AXSM,AXSM,S,CBOE,23
2/27/2026,AXSM,AXSM,S,EDGX,42
3/2/2026,AXSM,AXSM,S,BATS,25
3/2/2026,AXSM,AXSM,S,CBOE,36
3/2/2026,AXSM,AXSM,S,EDGX,9
3/3/2026,AXSM,AXSM,S,BATS,3
3/3/2026,AXSM,AXSM,S,C2,2
3/4/2026,AXSM,AXSM,S,BATS,1
3/4/2026,AXSM,AXSM,S,CBOE,303
3/4/2026,AXSM,AXSM,S,EDGX,2
3/5/2026,AXSM,AXSM,S,BATS,6
3/5/2026,AXSM,AXSM,S,CBOE,121
3/5/2026,AXSM,AXSM,S,EDGX,40
3/6/2026,AXSM,AXSM,S,BATS,14
3/6/2026,AXSM,AXSM,S,C2,1
3/6/2026,AXSM,AXSM,S,CBOE,342
3/6/2026,AXSM,AXSM,S,EDGX,6
3/9/2026,AXSM,AXSM,S,BATS,2
3/9/2026,AXSM,AXSM,S,C2,2
3/9/2026,AXSM,AXSM,S,CBOE,9
3/9/2026,AXSM,AXSM,S,EDGX,2
3/10/2026,AXSM,AXSM,S,BATS,2
3/10/2026,AXSM,AXSM,S,C2,1
3/10/2026,AXSM,AXSM,S,CBOE,12
3/10/2026,AXSM,AXSM,S,EDGX,17
3/11/2026,AXSM,AXSM,S,BATS,19
3/11/2026,AXSM,AXSM,S,CBOE,24
3/11/2026,AXSM,AXSM,S,EDGX,39
3/12/2026,AXSM,AXSM,S,BATS,15
3/12/2026,AXSM,AXSM,S,C2,28
3/12/2026,AXSM,AXSM,S,CBOE,30
3/12/2026,AXSM,AXSM,S,EDGX,38
3/13/2026,AXSM,AXSM,S,BATS,83
3/13/2026,AXSM,AXSM,S,C2,29
3/13/2026,AXSM,AXSM,S,CBOE,42
3/13/2026,AXSM,AXSM,S,EDGX,93
3/16/2026,AXSM,AXSM,S,BATS,15
3/16/2026,AXSM,AXSM,S,CBOE,7
3/16/2026,AXSM,AXSM,S,EDGX,1
3/17/2026,AXSM,AXSM,S,CBOE,4
3/17/2026,AXSM,AXSM,S,EDGX,1
3/18/2026,AXSM,AXSM,S,BATS,3
3/18/2026,AXSM,AXSM,S,CBOE,2
3/18/2026,AXSM,AXSM,S,EDGX,1
3/19/2026,AXSM,AXSM,S,BATS,7
3/19/2026,AXSM,AXSM,S,CBOE,9
3/19/2026,AXSM,AXSM,S,EDGX,1
3/20/2026,AXSM,AXSM,S,BATS,42
3/20/2026,AXSM,AXSM,S,C2,4
3/20/2026,AXSM,AXSM,S,CBOE,134
3/20/2026,AXSM,AXSM,S,EDGX,525
3/23/2026,AXSM,AXSM,S,BATS,6
3/23/2026,AXSM,AXSM,S,CBOE,312
3/23/2026,AXSM,AXSM,S,EDGX,8
3/24/2026,AXSM,AXSM,S,BATS,101
3/24/2026,AXSM,AXSM,S,C2,7
3/24/2026,AXSM,AXSM,S,CBOE,106
3/24/2026,AXSM,AXSM,S,EDGX,4
3/25/2026,AXSM,AXSM,S,BATS,2
3/25/2026,AXSM,AXSM,S,CBOE,15
3/25/2026,AXSM,AXSM,S,EDGX,7
3/26/2026,AXSM,AXSM,S,BATS,11
3/26/2026,AXSM,AXSM,S,C2,1
3/26/2026,AXSM,AXSM,S,CBOE,14
3/26/2026,AXSM,AXSM,S,EDGX,7
3/27/2026,AXSM,AXSM,S,BATS,7
3/27/2026,AXSM,AXSM,S,CBOE,43
3/30/2026,AXSM,AXSM,S,BATS,8
3/30/2026,AXSM,AXSM,S,C2,4
3/30/2026,AXSM,AXSM,S,CBOE,375
3/31/2026,AXSM,AXSM,S,BATS,37
3/31/2026,AXSM,AXSM,S,CBOE,511
4/1/2026,AXSM,AXSM,S,BATS,22
4/1/2026,AXSM,AXSM,S,C2,2
4/1/2026,AXSM,AXSM,S,CBOE,97
4/1/2026,AXSM,AXSM,S,EDGX,10
4/2/2026,AXSM,AXSM,S,BATS,3
4/2/2026,AXSM,AXSM,S,C2,1
4/2/2026,AXSM,AXSM,S,CBOE,614
4/6/2026,AXSM,AXSM,S,BATS,5
4/6/2026,AXSM,AXSM,S,CBOE,42
4/6/2026,AXSM,AXSM,S,EDGX,10
4/7/2026,AXSM,AXSM,S,BATS,8
4/7/2026,AXSM,AXSM,S,C2,3
4/7/2026,AXSM,AXSM,S,CBOE,462
4/7/2026,AXSM,AXSM,S,EDGX,108
4/8/2026,AXSM,AXSM,S,BATS,15
4/8/2026,AXSM,AXSM,S,C2,4
4/8/2026,AXSM,AXSM,S,CBOE,238
4/8/2026,AXSM,AXSM,S,EDGX,2
4/9/2026,AXSM,AXSM,S,BATS,2
4/9/2026,AXSM,AXSM,S,C2,4
4/9/2026,AXSM,AXSM,S,CBOE,485
4/9/2026,AXSM,AXSM,S,EDGX,36
4/10/2026,AXSM,AXSM,S,BATS,2
4/10/2026,AXSM,AXSM,S,CBOE,34
4/10/2026,AXSM,AXSM,S,EDGX,4
4/13/2026,AXSM,AXSM,S,BATS,70
4/13/2026,AXSM,AXSM,S,C2,4
4/13/2026,AXSM,AXSM,S,CBOE,2060
4/14/2026,AXSM,AXSM,S,BATS,35
4/14/2026,AXSM,AXSM,S,C2,11
4/14/2026,AXSM,AXSM,S,CBOE,67
4/14/2026,AXSM,AXSM,S,EDGX,7
4/15/2026,AXSM,AXSM,S,BATS,24
4/15/2026,AXSM,AXSM,S,CBOE,56
4/15/2026,AXSM,AXSM,S,EDGX,9
4/16/2026,AXSM,AXSM,S,BATS,54
4/16/2026,AXSM,AXSM,S,C2,17
4/16/2026,AXSM,AXSM,S,CBOE,10
4/16/2026,AXSM,AXSM,S,EDGX,48
4/17/2026,AXSM,AXSM,S,BATS,97
4/17/2026,AXSM,AXSM,S,C2,21
4/17/2026,AXSM,AXSM,S,CBOE,150
4/17/2026,AXSM,AXSM,S,EDGX,49
4/20/2026,AXSM,AXSM,S,BATS,44
4/20/2026,AXSM,AXSM,S,C2,5
4/20/2026,AXSM,AXSM,S,CBOE,83
4/20/2026,AXSM,AXSM,S,EDGX,23
4/21/2026,AXSM,AXSM,S,BATS,49
4/21/2026,AXSM,AXSM,S,C2,24
4/21/2026,AXSM,AXSM,S,CBOE,47
4/21/2026,AXSM,AXSM,S,EDGX,8
4/22/2026,AXSM,AXSM,S,BATS,6
4/22/2026,AXSM,AXSM,S,C2,1
4/22/2026,AXSM,AXSM,S,CBOE,34
4/23/2026,AXSM,AXSM,S,BATS,7
4/23/2026,AXSM,AXSM,S,CBOE,21
4/24/2026,AXSM,AXSM,S,BATS,8
4/24/2026,AXSM,AXSM,S,C2,1
4/24/2026,AXSM,AXSM,S,CBOE,46
4/24/2026,AXSM,AXSM,S,EDGX,12
4/27/2026,AXSM,AXSM,S,BATS,26
4/27/2026,AXSM,AXSM,S,C2,58
4/27/2026,AXSM,AXSM,S,CBOE,371
4/27/2026,AXSM,AXSM,S,EDGX,17
4/28/2026,AXSM,AXSM,S,BATS,28
4/28/2026,AXSM,AXSM,S,C2,5
4/28/2026,AXSM,AXSM,S,CBOE,65
4/28/2026,AXSM,AXSM,S,EDGX,24
4/29/2026,AXSM,AXSM,S,BATS,112
4/29/2026,AXSM,AXSM,S,C2,5
4/29/2026,AXSM,AXSM,S,CBOE,72
4/29/2026,AXSM,AXSM,S,EDGX,4
4/30/2026,AXSM,AXSM,S,BATS,176
4/30/2026,AXSM,AXSM,S,C2,21
4/30/2026,AXSM,AXSM,S,CBOE,177
4/30/2026,AXSM,AXSM,S,EDGX,52
5/1/2026,AXSM,AXSM,S,BATS,162
5/1/2026,AXSM,AXSM,S,C2,58
5/1/2026,AXSM,AXSM,S,CBOE,350
5/1/2026,AXSM,AXSM,S,EDGX,118
5/4/2026,AXSM,AXSM,S,BATS,232
5/4/2026,AXSM,AXSM,S,C2,70
5/4/2026,AXSM,AXSM,S,CBOE,390
5/4/2026,AXSM,AXSM,S,EDGX,137
5/5/2026,AXSM,AXSM,S,BATS,103
5/5/2026,AXSM,AXSM,S,C2,18
5/5/2026,AXSM,AXSM,S,CBOE,342
5/5/2026,AXSM,AXSM,S,EDGX,9
5/6/2026,AXSM,AXSM,S,BATS,20
5/6/2026,AXSM,AXSM,S,C2,12
5/6/2026,AXSM,AXSM,S,CBOE,663
5/6/2026,AXSM,AXSM,S,EDGX,13
5/7/2026,AXSM,AXSM,S,BATS,71
5/7/2026,AXSM,AXSM,S,CBOE,629
5/7/2026,AXSM,AXSM,S,EDGX,16
5/8/2026,AXSM,AXSM,S,BATS,64
5/8/2026,AXSM,AXSM,S,C2,12
5/8/2026,AXSM,AXSM,S,CBOE,1
5/8/2026,AXSM,AXSM,S,EDGX,2
5/11/2026,AXSM,AXSM,S,BATS,14
5/11/2026,AXSM,AXSM,S,C2,154
5/11/2026,AXSM,AXSM,S,CBOE,510
5/11/2026,AXSM,AXSM,S,EDGX,102
5/12/2026,AXSM,AXSM,S,BATS,49
5/12/2026,AXSM,AXSM,S,C2,58
5/12/2026,AXSM,AXSM,S,CBOE,444
5/12/2026,AXSM,AXSM,S,EDGX,128
5/13/2026,AXSM,AXSM,S,BATS,76
5/13/2026,AXSM,AXSM,S,C2,23
5/13/2026,AXSM,AXSM,S,CBOE,309
5/13/2026,AXSM,AXSM,S,EDGX,121
5/14/2026,AXSM,AXSM,S,BATS,57
5/14/2026,AXSM,AXSM,S,C2,37
5/14/2026,AXSM,AXSM,S,CBOE,139
5/14/2026,AXSM,AXSM,S,EDGX,26
5/15/2026,AXSM,AXSM,S,BATS,21
5/15/2026,AXSM,AXSM,S,C2,51
5/15/2026,AXSM,AXSM,S,CBOE,351
5/15/2026,AXSM,AXSM,S,EDGX,66
5/18/2026,AXSM,AXSM,S,BATS,70
5/18/2026,AXSM,AXSM,S,C2,88
5/18/2026,AXSM,AXSM,S,CBOE,301
5/18/2026,AXSM,AXSM,S,EDGX,156
5/19/2026,AXSM,AXSM,S,BATS,3
5/19/2026,AXSM,AXSM,S,C2,10
5/19/2026,AXSM,AXSM,S,CBOE,22
5/19/2026,AXSM,AXSM,S,EDGX,6
5/20/2026,AXSM,AXSM,S,BATS,2
5/20/2026,AXSM,AXSM,S,C2,202
5/20/2026,AXSM,AXSM,S,CBOE,295
5/20/2026,AXSM,AXSM,S,EDGX,137
5/21/2026,AXSM,AXSM,S,BATS,50
5/21/2026,AXSM,AXSM,S,C2,264
5/21/2026,AXSM,AXSM,S,CBOE,191
5/21/2026,AXSM,AXSM,S,EDGX,146
5/22/2026,AXSM,AXSM,S,BATS,32
5/22/2026,AXSM,AXSM,S,C2,13
5/22/2026,AXSM,AXSM,S,CBOE,14
5/22/2026,AXSM,AXSM,S,EDGX,10
5/26/2026,AXSM,AXSM,S,BATS,28
5/26/2026,AXSM,AXSM,S,C2,9
5/26/2026,AXSM,AXSM,S,CBOE,40
5/26/2026,AXSM,AXSM,S,EDGX,18
5/27/2026,AXSM,AXSM,S,BATS,34
5/27/2026,AXSM,AXSM,S,CBOE,27
5/27/2026,AXSM,AXSM,S,EDGX,6
5/28/2026,AXSM,AXSM,S,BATS,8
5/28/2026,AXSM,AXSM,S,C2,14
5/28/2026,AXSM,AXSM,S,CBOE,118
5/28/2026,AXSM,AXSM,S,EDGX,2
5/29/2026,AXSM,AXSM,S,BATS,8
5/29/2026,AXSM,AXSM,S,C2,4
5/29/2026,AXSM,AXSM,S,CBOE,103
5/29/2026,AXSM,AXSM,S,EDGX,207
6/1/2026,AXSM,AXSM,S,BATS,16
6/1/2026,AXSM,AXSM,S,C2,22
6/1/2026,AXSM,AXSM,S,CBOE,169
6/1/2026,AXSM,AXSM,S,EDGX,155
6/2/2026,AXSM,AXSM,S,BATS,26
6/2/2026,AXSM,AXSM,S,C2,7
6/2/2026,AXSM,AXSM,S,CBOE,384
6/2/2026,AXSM,AXSM,S,EDGX,50
6/3/2026,AXSM,AXSM,S,BATS,18
6/3/2026,AXSM,AXSM,S,C2,14
6/3/2026,AXSM,AXSM,S,CBOE,26
6/3/2026,AXSM,AXSM,S,EDGX,13
6/4/2026,AXSM,AXSM,S,BATS,16
6/4/2026,AXSM,AXSM,S,C2,63
6/4/2026,AXSM,AXSM,S,CBOE,76
6/4/2026,AXSM,AXSM,S,EDGX,43
6/5/2026,AXSM,AXSM,S,BATS,48
6/5/2026,AXSM,AXSM,S,C2,1
6/5/2026,AXSM,AXSM,S,CBOE,40
6/5/2026,AXSM,AXSM,S,EDGX,27
6/8/2026,AXSM,AXSM,S,BATS,7
6/8/2026,AXSM,AXSM,S,C2,10
6/8/2026,AXSM,AXSM,S,CBOE,24
6/8/2026,AXSM,AXSM,S,EDGX,7
6/9/2026,AXSM,AXSM,S,BATS,9
6/9/2026,AXSM,AXSM,S,C2,8
6/9/2026,AXSM,AXSM,S,CBOE,462
6/9/2026,AXSM,AXSM,S,EDGX,112
6/10/2026,AXSM,AXSM,S,BATS,22
6/10/2026,AXSM,AXSM,S,C2,68
6/10/2026,AXSM,AXSM,S,CBOE,185
6/10/2026,AXSM,AXSM,S,EDGX,155
6/11/2026,AXSM,AXSM,S,BATS,24
6/11/2026,AXSM,AXSM,S,C2,25
6/11/2026,AXSM,AXSM,S,CBOE,102
6/11/2026,AXSM,AXSM,S,EDGX,152
6/12/2026,AXSM,AXSM,S,BATS,2
6/12/2026,AXSM,AXSM,S,C2,8
6/12/2026,AXSM,AXSM,S,CBOE,37
6/12/2026,AXSM,AXSM,S,EDGX,3
6/15/2026,AXSM,AXSM,S,BATS,15
6/15/2026,AXSM,AXSM,S,C2,2
6/15/2026,AXSM,AXSM,S,CBOE,74
6/15/2026,AXSM,AXSM,S,EDGX,54
6/16/2026,AXSM,AXSM,S,BATS,15
6/16/2026,AXSM,AXSM,S,C2,1
6/16/2026,AXSM,AXSM,S,CBOE,12
6/16/2026,AXSM,AXSM,S,EDGX,4
6/17/2026,AXSM,AXSM,S,BATS,14
6/17/2026,AXSM,AXSM,S,C2,6
6/17/2026,AXSM,AXSM,S,CBOE,1195
6/17/2026,AXSM,AXSM,S,EDGX,11
6/18/2026,AXSM,AXSM,S,BATS,17
6/18/2026,AXSM,AXSM,S,C2,15
6/18/2026,AXSM,AXSM,S,CBOE,161
6/18/2026,AXSM,AXSM,S,EDGX,141
6/22/2026,AXSM,AXSM,S,BATS,2
6/22/2026,AXSM,AXSM,S,CBOE,32
6/22/2026,AXSM,AXSM,S,EDGX,6
6/23/2026,AXSM,AXSM,S,BATS,12
6/23/2026,AXSM,AXSM,S,C2,1
6/23/2026,AXSM,AXSM,S,CBOE,76
6/23/2026,AXSM,AXSM,S,EDGX,32
